<?xml version="1.0"?>
<!DOCTYPE module PUBLIC
          "-//Checkstyle//DTD Checkstyle Configuration 1.3//EN"
          "https://checkstyle.org/dtds/configuration_1_3.dtd">

<module name="Checker">
  <property name="charset" value="UTF-8"/>

  <property name="cacheFile" value="target/cache_non_main_files"/>

  <!-- Suppressions for resources -->
  <module name="SuppressionFilter">
    <property name="file"
             value="${project.basedir}/config/checkstyle_non_main_files_suppressions.xml"/>
  </module>
  <!-- Miscellaneous -->
  <module name="NewlineAtEndOfFile" />
  <module name="RegexpSingleline">
    <property name="id" value="lineLength"/>
    <!-- catch lines above 100 symbols -->
    <property name="format"
             value="^(?!(.*href=|.*http(s)?:|import |(.* )?package |.* files=|.*\.dtd)).{101,}$"/>
    <property name="message" value="Line should not be longer than 100 symbols"/>
  </module>

  <module name="RegexpSingleline">
    <property name="format" value="(mvn [^-])|(mvn \-(?!v)(?!-v)[^e])"/>
    <property name="fileExtensions" value="sh, yml"/>
    <property name="message"
      value="mvn execution should be with '-e' option to produce error message in case of problem"/>
  </module>

  <!-- check the number of testCases -->
  <module name="RegexpSingleline">
    <property name="id" value="numberOfTestCasesInXpath"/>
    <property name="format" value="@Test"/>
    <property name="minimum" value="2"/>
    <property name="maximum" value="9999"/>
    <property name="fileExtensions" value="java"/>
    <property name="message"
             value="Two or more test cases are required for unit testing in Xpath "/>
  </module>

  <!-- To restrict empty files -->
  <module name="RegexpMultiline">
    <property name="format" value="^\s*$" />
    <property name="matchAcrossLines" value="true" />
    <property name="message" value="Empty file is not allowed" />
  </module>

  <module name="RegexpSingleline">
    <property name="format" value="&lt;!--[^ ]"/>
    <property name="fileExtensions" value="xml, properties"/>
    <property name="message" value="space is required after comment start"/>
  </module>
  <module name="RegexpSingleline">
    <property name="format" value="[^ ]--&gt;"/>
    <property name="fileExtensions" value="xml, properties"/>
    <property name="message" value="space is required before comment end"/>
  </module>
  <module name="RegexpSingleline">
    <property name="format" value=" #[^ !]"/>
    <property name="fileExtensions" value="sh, yml, yaml"/>
    <property name="message" value="space is required after comment start"/>
  </module>
</module>
