<?xml version="1.0"?>
<!DOCTYPE module PUBLIC
        "-//Checkstyle//DTD Checkstyle Configuration 1.3//EN"
        "https://checkstyle.org/dtds/configuration_1_3.dtd">

<module name="Checker">
  <property name="charset" value="UTF-8"/>
  <property name="haltOnException" value="false"/>

  <property name="cacheFile" value="target/cache_input_resources"/>

  <!-- Suppressions for resources -->
  <module name="SuppressionFilter">
    <property name="file"
             value="${project.basedir}/config/checkstyle_input_suppressions.xml"/>
  </module>

  <module name="TreeWalker">
    <!-- Check to make sure check UT input files have config and trailing comments -->
    <module name="Regexp">
      <property name="format"
               value="(\* Config)"/>
      <message key="required.regexp"
             value="All check input files in the ''src/(it|test)/resources*/'' folder must
                   have a comment at the top of the file specifying the check configuration used to
                   produce the violations, that begins with &quot;/* Config:&quot;."/>
    </module>
    <module name="Regexp">
      <property name="format"
               value="(\/\/ (ok|violation)\n)"/>
      <message key="required.regexp"
             value="All check input files in the ''src/(it|test)/resources*/'' folder must
                   have trailing comments &quot;// ok&quot; and/or &quot;// violation&quot;."/>
    </module>
  </module>
</module>
