<?xml version="1.0" encoding="UTF-8"?>
<!--
  ~ Licensed to the Apache Software Foundation (ASF) under one or more
  ~ contributor license agreements.  See the NOTICE file distributed with
  ~ this work for additional information regarding copyright ownership.
  ~ The ASF licenses this file to You under the Apache License, Version 2.0
  ~ (the "License"); you may not use this file except in compliance with
  ~ the License.  You may obtain a copy of the License at
  ~
  ~     http://www.apache.org/licenses/LICENSE-2.0
  ~
  ~ Unless required by applicable law or agreed to in writing, software
  ~ distributed under the License is distributed on an "AS IS" BASIS,
  ~ WITHOUT WARRANTIES OR CONDITIONS OF ANY KIND, either express or implied.
  ~ See the License for the specific language governing permissions and
  ~ limitations under the License.
  -->

<beans xmlns="http://www.springframework.org/schema/beans"
       xmlns:xsi="http://www.w3.org/2001/XMLSchema-instance"
       xmlns:shardingsphere="http://shardingsphere.apache.org/schema/shardingsphere/datasource"
       xmlns:context="http://www.springframework.org/schema/context"
       xmlns:tx="http://www.springframework.org/schema/tx"
       xmlns:shadow="http://shardingsphere.apache.org/schema/shardingsphere/shadow"
       xmlns:master-slave="http://shardingsphere.apache.org/schema/shardingsphere/masterslave"
       xsi:schemaLocation="http://www.springframework.org/schema/beans
                           http://www.springframework.org/schema/beans/spring-beans.xsd 
                           http://www.springframework.org/schema/tx 
                           http://www.springframework.org/schema/tx/spring-tx.xsd
                           http://www.springframework.org/schema/context 
                           http://www.springframework.org/schema/context/spring-context.xsd
                           http://shardingsphere.apache.org/schema/shardingsphere/datasource
                           http://shardingsphere.apache.org/schema/shardingsphere/datasource/datasource.xsd
                           http://shardingsphere.apache.org/schema/shardingsphere/shadow
                           http://shardingsphere.apache.org/schema/shardingsphere/shadow/shadow.xsd
                           http://shardingsphere.apache.org/schema/shardingsphere/masterslave
                           http://shardingsphere.apache.org/schema/shardingsphere/masterslave/master-slave.xsd
                           ">
    <context:component-scan base-package="org.apache.shardingsphere.example.core.mybatis" />
    
    <bean id="ds_master" class="com.zaxxer.hikari.HikariDataSource" destroy-method="close">
        <property name="driverClassName" value="com.mysql.jdbc.Driver"/>
        <property name="jdbcUrl" value="jdbc:mysql://localhost:3306/demo_ds_master?useSSL=false&amp;useUnicode=true&amp;characterEncoding=UTF-8"/>
        <property name="username" value="root"/>
        <property name="password" value=""/>
    </bean>
    
    <bean id="ds_slave" class="com.zaxxer.hikari.HikariDataSource" destroy-method="close">
        <property name="driverClassName" value="com.mysql.jdbc.Driver"/>
        <property name="jdbcUrl" value="jdbc:mysql://localhost:3306/demo_ds_slave?useSSL=false&amp;useUnicode=true&amp;characterEncoding=UTF-8"/>
        <property name="username" value="root"/>
        <property name="password" value=""/>
    </bean>
    
    <bean id="shadow_ds_master" class="com.zaxxer.hikari.HikariDataSource" destroy-method="close">
        <property name="driverClassName" value="com.mysql.jdbc.Driver"/>
        <property name="jdbcUrl" value="jdbc:mysql://localhost:3306/demo_shadow_ds_master?useSSL=false&amp;useUnicode=true&amp;characterEncoding=UTF-8"/>
        <property name="username" value="root"/>
        <property name="password" value=""/>
    </bean>
    
    <bean id="shadow_ds_slave" class="com.zaxxer.hikari.HikariDataSource" destroy-method="close">
        <property name="driverClassName" value="com.mysql.jdbc.Driver"/>
        <property name="jdbcUrl" value="jdbc:mysql://localhost:3306/demo_shadow_ds_slave?useSSL=false&amp;useUnicode=true&amp;characterEncoding=UTF-8"/>
        <property name="username" value="root"/>
        <property name="password" value=""/>
    </bean>
    
    <shadow:rule id="shadowRule" column="shadow">
        <shadow:mappings>
            <shadow:mapping product-data-source-name="ds_master" shadow-data-source-name="shadow_ds_master"/>
            <shadow:mapping product-data-source-name="ds_slave" shadow-data-source-name="shadow_ds_slave"/>
        </shadow:mappings>
    </shadow:rule>
    
    <shardingsphere:data-source id="shadowDataSource" data-source-names="ds_master,ds_slave,shadow_ds_master,shadow_ds_slave" rule-refs="shadowRule,masterSlaveRule">
        <props>
            <prop key="sql.show">true</prop>
        </props>
    </shardingsphere:data-source>
    
    <master-slave:load-balance-algorithm id="randomStrategy" type="RANDOM" />
    
    <master-slave:rule id="masterSlaveRule">
        <master-slave:data-source-rule id="demo_ds" master-data-source-name="ds_master" slave-data-source-names="ds_slave" load-balance-algorithm-ref="randomStrategy" />
    </master-slave:rule>
    
    <bean id="transactionManager" class="org.springframework.jdbc.datasource.DataSourceTransactionManager">
        <property name="dataSource" ref="shadowDataSource" />
    </bean>
    <tx:annotation-driven />
    
    <bean id="sqlSessionFactory" class="org.mybatis.spring.SqlSessionFactoryBean">
        <property name="dataSource" ref="shadowDataSource"/>
        <property name="mapperLocations" value="classpath*:META-INF/mappers/*.xml"/>
    </bean>
    
    <bean class="org.mybatis.spring.mapper.MapperScannerConfigurer">
        <property name="basePackage" value="org.apache.shardingsphere.example.core.mybatis.repository"/>
        <property name="sqlSessionFactoryBeanName" value="sqlSessionFactory"/>
    </bean>
</beans>
