<?xml version="1.0" encoding="UTF-8"?>
<article id="whatsnewarticle"
     xmlns:xsi="http://www.w3.org/2001/XMLSchema-instance"
     xsi:noNamespaceSchemaLocation='https://www.docbook.org/xsd/4.4/docbook.xsd'>

    <title> What's new in jEdit 5.6 </title>
    <articleinfo>
        <date> 2019 </date>
    </articleinfo>


    <para> This is a time-based release, scheduled to come out about 1 year after
    jEdit 5.5, and is a collection of enhancements, bug fixes and patches
    submitted by the community. Detailed changes can be found in the <ulink
    url="../CHANGES.txt">Detailed Change Log</ulink>.
    </para>

    <para> With continued support from the community, we will keep releasing a newer
    version each year that can accurately bring together the fruits of everyone's labor.
    Thank you to each and every one of the contributors who helped make 5.6 the best
    version of jEdit ever.
    </para>

<!-- :maxLineLen=90:wrap=hard: -->
</article>
