<!--
  ~ Licensed to the Apache Software Foundation (ASF) under one or more
  ~ contributor license agreements.  See the NOTICE file distributed with
  ~ this work for additional information regarding copyright ownership.
  ~ The ASF licenses this file to You under the Apache License, Version 2.0
  ~ (the "License"); you may not use this file except in compliance with
  ~ the License.  You may obtain a copy of the License at
  ~
  ~     http://www.apache.org/licenses/LICENSE-2.0
  ~
  ~ Unless required by applicable law or agreed to in writing, software
  ~ distributed under the License is distributed on an "AS IS" BASIS,
  ~ WITHOUT WARRANTIES OR CONDITIONS OF ANY KIND, either express or implied.
  ~ See the License for the specific language governing permissions and
  ~ limitations under the License.
  ~
  -->

<assembly
        xmlns="http://maven.apache.org/plugins/maven-assembly-plugin/assembly/1.1.2"
        xmlns:xsi="http://www.w3.org/2001/XMLSchema-instance"
        xsi:schemaLocation="http://maven.apache.org/plugins/maven-assembly-plugin/assembly/1.1.2 http://maven.apache.org/xsd/assembly-1.1.2.xsd">
    <id>dist</id>
    <formats>
        <format>tar.gz</format>
    </formats>
    <fileSets>
        <fileSet>
            <directory>${project.basedir}/../dist-material/bin</directory>
            <outputDirectory>/bin</outputDirectory>
            <includes>
                <include>*.sh</include>
                <include>*.bat</include>
            </includes>
            <fileMode>0755</fileMode>
        </fileSet>
        <fileSet>
            <directory>${project.basedir}/../dist-material</directory>
            <outputDirectory>/config</outputDirectory>
            <includes>
                <include>log4j2.xml</include>
                <include>alarm-settings.yml</include>
                <include>alarm-settings-sample.yml</include>
            </includes>
        </fileSet>
        <fileSet>
            <directory>${project.basedir}/../oap-server/server-bootstrap/src/main/resources</directory>
            <includes>
                <include>application.yml</include>
                <include>component-libraries.yml</include>
                <include>gateways.yml</include>
                <include>service-apdex-threshold.yml</include>
                <include>endpoint-name-grouping.yml</include>
                <include>ui-initialized-templates.yml</include>
                <include>oal/core.oal</include>
                <include>oal/java-agent.oal</include>
                <include>oal/dotnet-agent.oal</include>
                <include>oal/envoy.oal</include>
                <include>fetcher-prom-rules/self.yaml</include>
            </includes>
            <outputDirectory>/config</outputDirectory>
        </fileSet>
        <fileSet>
            <directory>${project.basedir}/../oap-server/server-starter-es7/target/skywalking-oap-assembly/skywalking-oap/libs</directory>
            <outputDirectory>/oap-libs</outputDirectory>
        </fileSet>

        <!-- Agent repackage into the dist -->
        <fileSet>
            <directory>${project.basedir}/../skywalking-agent</directory>
            <outputDirectory>/agent</outputDirectory>
        </fileSet>

        <!-- Profile exporter tools -->
        <fileSet>
            <directory>${project.basedir}/../tools/profile-exporter</directory>
            <outputDirectory>/tools/profile-exporter</outputDirectory>
        </fileSet>

        <!-- Release docs and licenses -->
        <fileSet>
            <directory>${project.basedir}/../</directory>
            <outputDirectory>/</outputDirectory>
            <includes>
                <include>DISCLAIMER</include>
                <include>CHANGES</include>
            </includes>
        </fileSet>

        <fileSet>
            <directory>${project.basedir}/../dist-material/release-docs</directory>
            <outputDirectory>/</outputDirectory>
        </fileSet>
    </fileSets>
    <files>
        <file>
            <source>${project.basedir}/../apm-webapp/target/skywalking-webapp.jar</source>
            <outputDirectory>/webapp</outputDirectory>
            <fileMode>0644</fileMode>
        </file>
        <file>
            <source>${project.basedir}/../apm-webapp/src/main/assembly/webapp.yml</source>
            <outputDirectory>/webapp</outputDirectory>
            <fileMode>0644</fileMode>
        </file>
    </files>
</assembly>
