<assembly
	xmlns="http://maven.apache.org/plugins/maven-assembly-plugin/assembly/1.1.3"
	xmlns:xsi="http://www.w3.org/2001/XMLSchema-instance"
	xsi:schemaLocation="http://maven.apache.org/plugins/maven-assembly-plugin/assembly/1.1.3 http://maven.apache.org/xsd/assembly-1.1.3.xsd">
	<id>bin</id>
	<formats>
		<format>tar.gz</format>
		<format>zip</format>
	</formats>
	<fileSets>
		<fileSet>
			<directory>${project.basedir}</directory>
			<includes>
				<include>README.md</include>
				<include>LICENSE.md</include>
				<include>CHANGES.md</include>
				<include>ImportEW.config</include>
				<include>ImportWS.config</include>
				<include>NTP.config</include>
				<include>WWS.config</include>
				<include>Winston.config</include>
				<include>my.cnf</include>
			</includes>
		</fileSet>
		<fileSet>
			<directory>${project.basedir}/bin</directory>
			<outputDirectory>bin</outputDirectory>
			<includes />
		</fileSet>
		<fileSet>
			<directory>${project.build.directory}/docs</directory>
			<outputDirectory>docs</outputDirectory>
			<includes />
		</fileSet>

	</fileSets>
	<files>
		<file>
			<outputDirectory>lib</outputDirectory>
			<source>${project.build.directory}/${project.build.finalName}.jar</source>
			<destName>winston.jar</destName>
		</file>
	</files>
</assembly>
