<?xml version="1.0" encoding="UTF-8"?>
<!--
  ~ Licensed to the Apache Software Foundation (ASF) under one or more
  ~ contributor license agreements.  See the NOTICE file distributed with
  ~ this work for additional information regarding copyright ownership.
  ~ The ASF licenses this file to You under the Apache License, Version 2.0
  ~ (the "License"); you may not use this file except in compliance with
  ~ the License.  You may obtain a copy of the License at
  ~
  ~     http://www.apache.org/licenses/LICENSE-2.0
  ~
  ~ Unless required by applicable law or agreed to in writing, software
  ~ distributed under the License is distributed on an "AS IS" BASIS,
  ~ WITHOUT WARRANTIES OR CONDITIONS OF ANY KIND, either express or implied.
  ~ See the License for the specific language governing permissions and
  ~ limitations under the License.
  -->

<beans xmlns="http://www.springframework.org/schema/beans"
       xmlns:xsi="http://www.w3.org/2001/XMLSchema-instance"
       xmlns:context="http://www.springframework.org/schema/context"
       xmlns:tx="http://www.springframework.org/schema/tx"
       xmlns:shardingsphere="http://shardingsphere.apache.org/schema/shardingsphere/datasource"
       xmlns:shadow="http://shardingsphere.apache.org/schema/shardingsphere/shadow"
       xmlns:orchestration="http://shardingsphere.apache.org/schema/shardingsphere/orchestration"
       xsi:schemaLocation="http://www.springframework.org/schema/beans
                           http://www.springframework.org/schema/beans/spring-beans.xsd
                           http://www.springframework.org/schema/context
                           http://www.springframework.org/schema/context/spring-context.xsd
                           http://www.springframework.org/schema/tx
                           http://www.springframework.org/schema/tx/spring-tx.xsd
                           http://shardingsphere.apache.org/schema/shardingsphere/datasource
                           http://shardingsphere.apache.org/schema/shardingsphere/datasource/datasource.xsd
                           http://shardingsphere.apache.org/schema/shardingsphere/shadow
                           http://shardingsphere.apache.org/schema/shardingsphere/shadow/shadow.xsd
                           http://shardingsphere.apache.org/schema/shardingsphere/orchestration
                           http://shardingsphere.apache.org/schema/shardingsphere/orchestration/orchestration.xsd
                           ">
    <import resource="classpath*:META-INF/nacos/registry-center.xml" />
    <context:component-scan base-package="org.apache.shardingsphere.example.core.mybatis" />
    
    <bean id="shadow_demo_ds" class="com.zaxxer.hikari.HikariDataSource" destroy-method="close">
        <property name="driverClassName" value="com.mysql.jdbc.Driver"/>
        <property name="jdbcUrl" value="jdbc:mysql://localhost:3306/shadow_demo_ds"/>
        <property name="username" value="root"/>
        <property name="password" value=""/>
    </bean>

    <bean id="demo_ds" class="com.zaxxer.hikari.HikariDataSource" destroy-method="close">
        <property name="driverClassName" value="com.mysql.jdbc.Driver"/>
        <property name="jdbcUrl" value="jdbc:mysql://localhost:3306/demo_ds"/>
        <property name="username" value="root"/>
        <property name="password" value=""/>
    </bean>
    
    <shadow:rule id="shadowRule" column="shadow">
        <shadow:mappings>
            <shadow:mapping product-data-source-name="demo_ds" shadow-data-source-name="shadow_demo_ds"/>
        </shadow:mappings>
    </shadow:rule>
    
    <shardingsphere:data-source id="realShadowDataSource" data-source-names="demo_ds,shadow_demo_ds" rule-refs="shadowRule" />

    <orchestration:data-source id="shadowDataSource" data-source-ref="realShadowDataSource" instance-ref="regCenter,confCenter" />
    
    <bean id="transactionManager" class="org.springframework.jdbc.datasource.DataSourceTransactionManager">
        <property name="dataSource" ref="shadowDataSource" />
    </bean>
    <tx:annotation-driven />
    
    <bean id="sqlSessionFactory" class="org.mybatis.spring.SqlSessionFactoryBean">
        <property name="dataSource" ref="shadowDataSource"/>
        <property name="mapperLocations" value="classpath*:META-INF/mappers/*.xml"/>
    </bean>
    
    <bean class="org.mybatis.spring.mapper.MapperScannerConfigurer">
        <property name="basePackage" value="org.apache.shardingsphere.example.core.mybatis.repository"/>
        <property name="sqlSessionFactoryBeanName" value="sqlSessionFactory"/>
    </bean>
</beans>
