<?xml version="1.0" encoding="UTF-8"?>
<!--
  ~ Licensed to the Apache Software Foundation (ASF) under one or more
  ~ contributor license agreements.  See the NOTICE file distributed with
  ~ this work for additional information regarding copyright ownership.
  ~ The ASF licenses this file to You under the Apache License, Version 2.0
  ~ (the "License"); you may not use this file except in compliance with
  ~ the License.  You may obtain a copy of the License at
  ~
  ~     http://www.apache.org/licenses/LICENSE-2.0
  ~
  ~ Unless required by applicable law or agreed to in writing, software
  ~ distributed under the License is distributed on an "AS IS" BASIS,
  ~ WITHOUT WARRANTIES OR CONDITIONS OF ANY KIND, either express or implied.
  ~ See the License for the specific language governing permissions and
  ~ limitations under the License.
  -->

<beans xmlns:xsi="http://www.w3.org/2001/XMLSchema-instance"
       xmlns:orchestration="http://shardingsphere.apache.org/schema/shardingsphere/orchestration"
       xmlns="http://www.springframework.org/schema/beans"
       xsi:schemaLocation="http://www.springframework.org/schema/beans
                           http://www.springframework.org/schema/beans/spring-beans.xsd
                           http://shardingsphere.apache.org/schema/shardingsphere/orchestration
                           http://shardingsphere.apache.org/schema/shardingsphere/orchestration/orchestration.xsd
                           ">
    <orchestration:instance id="regCenter" orchestration-type="registry_center,config_center,metadata_center" instance-type="zookeeper" server-lists="localhost:2181" namespace="orchestration-spring-namespace-demo">
        <props>
            <prop key="max-retries">3</prop>
            <prop key="operation-timeout-milliseconds">3000</prop>
            <prop key="overwrite">false</prop>
        </props>
    </orchestration:instance>
</beans>
