<?xml version="1.0" encoding="UTF-8"?>
<!--
  ~ Licensed to the Apache Software Foundation (ASF) under one or more
  ~ contributor license agreements.  See the NOTICE file distributed with
  ~ this work for additional information regarding copyright ownership.
  ~ The ASF licenses this file to You under the Apache License, Version 2.0
  ~ (the "License"); you may not use this file except in compliance with
  ~ the License.  You may obtain a copy of the License at
  ~
  ~     http://www.apache.org/licenses/LICENSE-2.0
  ~
  ~ Unless required by applicable law or agreed to in writing, software
  ~ distributed under the License is distributed on an "AS IS" BASIS,
  ~ WITHOUT WARRANTIES OR CONDITIONS OF ANY KIND, either express or implied.
  ~ See the License for the specific language governing permissions and
  ~ limitations under the License.
  -->

<beans xmlns="http://www.springframework.org/schema/beans"
       xmlns:xsi="http://www.w3.org/2001/XMLSchema-instance"
       xmlns:context="http://www.springframework.org/schema/context"
       xmlns:tx="http://www.springframework.org/schema/tx"
       xmlns:shardingsphere="http://shardingsphere.apache.org/schema/shardingsphere/datasource"
       xmlns:sharding="http://shardingsphere.apache.org/schema/shardingsphere/sharding"
       xmlns:bean="http://www.springframework.org/schema/util"
       xsi:schemaLocation="http://www.springframework.org/schema/beans
                           http://www.springframework.org/schema/beans/spring-beans.xsd 
                           http://www.springframework.org/schema/tx 
                           http://www.springframework.org/schema/tx/spring-tx.xsd
                           http://www.springframework.org/schema/context 
                           http://www.springframework.org/schema/context/spring-context.xsd
                           http://www.springframework.org/schema/util
                           http://www.springframework.org/schema/util/spring-util.xsd
                           http://shardingsphere.apache.org/schema/shardingsphere/datasource
                           http://shardingsphere.apache.org/schema/shardingsphere/datasource/datasource.xsd
                           http://shardingsphere.apache.org/schema/shardingsphere/sharding
                           http://shardingsphere.apache.org/schema/shardingsphere/sharding/sharding.xsd
                           ">
    <context:component-scan base-package="org.apache.shardingsphere.example" />
    
    <bean id="demo_ds_0" class="com.zaxxer.hikari.HikariDataSource" destroy-method="close">
        <property name="driverClassName" value="com.mysql.jdbc.Driver"/>
        <property name="jdbcUrl" value="jdbc:mysql://localhost:3306/demo_ds_0?useSSL=false&amp;useUnicode=true&amp;characterEncoding=UTF-8"/>
        <property name="username" value="root"/>
        <property name="password" value=""/>
    </bean>
    
    <bean id="demo_ds_1" class="com.zaxxer.hikari.HikariDataSource" destroy-method="close">
        <property name="driverClassName" value="com.mysql.jdbc.Driver"/>
        <property name="jdbcUrl" value="jdbc:mysql://localhost:3306/demo_ds_1?useSSL=false&amp;useUnicode=true&amp;characterEncoding=UTF-8"/>
        <property name="username" value="root"/>
        <property name="password" value=""/>
    </bean>
    
    <bean:properties id="databaseInlineProps">
        <prop key="algorithm.expression">demo_ds_${user_id % 2}</prop>
    </bean:properties>
    
    <sharding:sharding-algorithm id="databaseIineStrategyShardingAlgorithm" type="INLINE">
        <props>
            <prop key="algorithm.expression">demo_ds_${user_id % 2}</prop>
        </props>
    </sharding:sharding-algorithm>
    
    <sharding:standard-strategy id="databaseStrategy" sharding-column="user_id" algorithm-ref="databaseIineStrategyShardingAlgorithm"/>
    
    <sharding:sharding-algorithm id="orderInlineStrategyShardingAlgorithm" type="INLINE">
        <props>
            <prop key="algorithm.expression">t_order_${order_id % 2}</prop>
        </props>
    </sharding:sharding-algorithm>
    
    <sharding:standard-strategy id="orderTableStrategy" sharding-column="order_id" algorithm-ref="orderInlineStrategyShardingAlgorithm"/>
    
    <sharding:key-generate-algorithm id="snowflakeAlgorithm" type="SNOWFLAKE">
        <props>
            <prop key="worker.id">123</prop>
        </props>
    </sharding:key-generate-algorithm>
    
    <sharding:key-generate-strategy id="orderKeyGenerator" column="order_id" algorithm-ref="snowflakeAlgorithm" />
    
    <sharding:rule id="shardingRule">
        <sharding:table-rules>
            <sharding:table-rule logic-table="t_order" actual-data-nodes="demo_ds_${0..1}.t_order_${0..1}" database-strategy-ref="databaseStrategy" table-strategy-ref="orderTableStrategy" key-generate-strategy-ref="orderKeyGenerator" />
        </sharding:table-rules>
    </sharding:rule>
    
    <shardingsphere:data-source id="shardingDataSource" data-source-names="demo_ds_0, demo_ds_1" rule-refs="shardingRule">
        <props>
            <prop key="sql.show">false</prop>
        </props>
    </shardingsphere:data-source>
    
    <shardingsphere:tx-type-annotation-driven />
    
    <bean id="transactionManager" class="org.springframework.jdbc.datasource.DataSourceTransactionManager">
        <property name="dataSource" ref="shardingDataSource" />
    </bean>
    <bean id="jdbcTemplate" class="org.springframework.jdbc.core.JdbcTemplate">
        <property name="dataSource" ref="shardingDataSource" />
    </bean>
    <tx:annotation-driven />
</beans>
